最甜甜甜的小草莓的生日歌单,向晚Ava的精选歌单,贝拉Bella的精选歌单,珈乐Carol的精选歌单,嘉然Diana的精选歌单,乃琳Eileen的精选歌单
A000002,A000230,A000234,A000257,A000021,A000931
A000021,A000229,A000235,A000929,A000259,A000932
A000062,A000509,A000930,A000623,A000936,A000937
A000088,A000510,A000934,A000819,A000939,A000942
A000124,A000254,A000707,A000016,A000940,A000816
A000951,A000283,A000732,A000017,A000002,A000251
A000939,A000354,A000174,A000040,A000764,A000280
A000188,A000605,A000205,A000943,A000037,A000348
A000216,A000709,A000222,A000944,A000062,A000064
A000218,A000794,A000274,A000945,A000188,A000158
A000936,A000933,A000341,A000946,A000202,A000198
A000259,A000085,A000353,A000947,A000216,A000220
A000296,A000139,A000370,A000248,A000218,A000225
A000309,A000193,A000388,A000247,A000287,A000279
A000386,A000285,A000439,A000383,A000309,A000293
A000410,A000286,A000456,A000454,A000308,A000941
A000441,A000356,A000927,A000347,A000386,A000429
A000521,A000381,A000526,A000448,A000441,A000453
A000593,A000469,A000573,A000518,A000457,A000486
A000592,A000470,A000577,A000512,A000594,A000491
A000940,A000495,A000583,A000559,A000591,A000507
A000709,A000546,A000665,A000567,A000592,A000514
A000850,A000571,A000701,A000713,A000593,A000557
A000840,A000636,A000720,A000728,A000602,A000582
A000764,A000736,A000731,A000730,A000687,A000588
,,,A000748,A000781,A000729
,,,A000949,,
,,,,,